Student_ID,Gender,Age,Study_Hours,Sleep_Hours,Attendance,Exam_Score,Monthly_Spending,Screen_Hours,Satisfaction
STD-1001,F,24,1.7,8.2,94.7,71.3,1716.0,6.8,5
STD-1002,M,24,4.3,8.7,85.5,85.3,2214.0,6.2,4
STD-1003,M,18,3.2,4.4,92.0,74.6,2723.0,9.8,2
STD-1004,M,21,8.2,5.0,87.1,83.2,2802.0,8.4,2
STD-1005,F,22,5.2,7.4,82.9,71.7,2968.0,10.1,3
STD-1006,F,21,9.9,5.8,65.1,81.3,2733.0,11.0,3
STD-1007,F,23,4.6,5.3,92.4,73.3,2543.0,8.2,5
STD-1008,M,22,8.3,5.5,92.8,89.1,1213.0,11.8,5
STD-1009,M,24,8.2,5.6,85.0,89.7,1701.0,8.1,1
STD-1010,M,24,2.4,8.2,92.8,64.5,1933.0,8.4,1
STD-1011,F,22,5.6,4.7,86.1,71.3,749.0,7.5,5
STD-1012,M,24,7.3,7.5,68.3,82.8,2085.0,2.9,5
STD-1013,M,20,8.7,6.8,71.0,89.6,1809.0,9.3,4
STD-1014,F,22,3.9,5.5,68.6,69.3,2906.0,7.5,3
STD-1015,F,21,3.0,6.1,75.1,71.4,3434.0,6.5,1
STD-1016,F,22,7.4,5.3,61.6,74.5,2168.0,11.1,3
STD-1017,F,24,8.3,7.1,84.7,96.2,1468.0,5.0,3
STD-1018,F,20,4.1,4.4,73.5,70.6,630.0,7.2,5
STD-1019,F,20,1.9,4.0,86.2,58.6,3274.0,9.0,4
STD-1020,F,23,9.5,7.1,75.4,92.5,3257.0,10.0,2
STD-1021,M,21,4.6,5.0,87.3,77.4,1259.0,6.6,4
STD-1022,F,19,5.7,4.4,73.6,68.0,2586.0,10.4,4
STD-1023,F,19,8.5,6.0,70.4,89.9,726.0,9.7,3
STD-1024,F,22,7.1,4.3,79.8,85.2,999.0,2.7,4
STD-1025,F,23,7.6,8.4,87.7,95.2,1150.0,2.5,1
STD-1026,M,18,2.9,4.1,73.9,57.7,1383.0,8.2,3
STD-1027,F,22,5.9,6.9,97.5,84.4,3487.0,5.5,1
STD-1028,F,23,7.3,6.2,61.6,73.1,2591.0,4.1,2
STD-1029,M,21,3.1,7.4,76.7,67.0,1653.0,7.8,3
STD-1030,F,21,2.6,5.6,98.7,81.1,2711.0,5.4,2
STD-1031,M,21,9.8,4.8,81.9,90.6,3246.0,7.4,3
STD-1032,F,21,5.6,8.9,76.9,90.4,3376.0,6.6,5
STD-1033,F,21,3.3,8.2,82.7,75.5,674.0,7.8,4
STD-1034,M,23,10.0,8.3,83.0,98.7,1684.0,6.0,5
STD-1035,M,23,9.7,5.3,89.3,95.7,820.0,9.0,2
STD-1036,M,20,6.0,4.2,65.1,74.1,1507.0,3.8,4
STD-1037,F,19,8.9,5.5,70.0,91.7,1009.0,9.0,3
STD-1038,F,24,2.7,6.7,83.2,69.8,2441.0,6.1,4
STD-1039,M,21,3.5,5.6,94.7,74.6,1665.0,10.7,1
STD-1040,F,18,7.3,8.1,82.5,88.9,1188.0,7.2,4
STD-1041,F,24,8.6,5.4,69.5,81.6,1298.0,11.7,1
STD-1042,F,23,8.7,8.8,87.2,96.5,1581.0,8.0,4
STD-1043,F,18,4.6,6.3,89.6,77.8,1280.0,4.2,1
STD-1044,M,18,9.0,8.2,69.5,82.9,1860.0,10.2,2
STD-1045,F,18,8.7,5.0,75.1,91.8,597.0,5.5,5
STD-1046,M,20,9.4,6.1,81.4,90.0,1339.0,5.5,3
STD-1047,F,23,8.1,7.5,79.9,92.5,1734.0,2.3,4
STD-1048,F,18,7.0,4.7,75.6,78.5,2308.0,7.5,5
STD-1049,F,21,6.2,4.7,71.9,77.8,1313.0,7.3,3
STD-1050,F,22,4.4,8.8,64.0,76.6,900.0,5.6,3
STD-1051,M,18,9.5,7.6,62.1,90.5,729.0,10.9,1
STD-1052,M,20,9.8,4.2,98.3,100.0,3322.0,3.3,2
STD-1053,M,24,3.6,6.0,93.9,73.1,1750.0,5.3,2
STD-1054,M,23,3.7,6.2,74.2,68.5,2243.0,5.2,5
STD-1055,M,20,5.4,7.7,98.3,87.1,3258.0,2.9,2
STD-1056,M,18,5.0,5.3,87.1,75.2,748.0,6.8,4
STD-1057,F,23,10.0,4.9,79.3,91.6,3130.0,8.9,2
STD-1058,F,22,2.6,4.4,79.7,61.5,2155.0,7.1,5
STD-1059,F,18,1.2,6.1,63.3,54.4,995.0,3.6,2
STD-1060,F,20,5.4,7.4,63.7,76.8,1734.0,5.8,4
STD-1061,F,19,2.6,4.3,84.1,64.8,2833.0,2.0,1
STD-1062,F,21,4.3,8.6,82.1,70.1,1941.0,10.7,5
STD-1063,M,24,7.7,6.2,68.5,80.4,3456.0,2.8,1
STD-1064,F,20,7.5,5.2,97.8,95.0,1630.0,8.0,1
STD-1065,F,23,3.8,4.5,91.3,65.6,2749.0,11.9,1
STD-1066,F,18,5.9,4.9,64.5,74.1,1679.0,7.4,3
STD-1067,F,21,5.6,8.7,97.2,84.8,2987.0,11.2,3
STD-1068,M,18,6.7,7.2,99.0,96.8,2207.0,4.4,1
STD-1069,F,23,3.3,6.6,99.8,72.6,691.0,9.6,5
STD-1070,M,18,6.3,7.3,62.2,72.1,610.0,7.3,4
STD-1071,M,19,9.8,6.2,89.5,91.5,902.0,9.2,4
STD-1072,F,21,5.4,7.7,81.8,73.0,541.0,2.6,2
STD-1073,F,21,9.2,4.2,88.2,96.9,726.0,3.5,5
STD-1074,M,23,4.9,6.8,98.7,87.7,2575.0,3.3,3
STD-1075,M,24,4.2,4.8,87.5,73.1,2103.0,8.9,1
STD-1076,M,19,6.8,4.6,93.5,77.7,2750.0,10.4,2
STD-1077,M,20,7.0,5.7,94.7,89.9,3239.0,9.5,4
STD-1078,F,18,8.8,4.5,93.5,95.4,2255.0,2.3,3
STD-1079,F,22,3.1,4.5,77.0,58.2,2678.0,10.7,3
STD-1080,F,18,5.5,5.6,68.9,71.5,2771.0,5.5,1
STD-1081,M,18,6.1,8.9,75.9,82.4,1634.0,6.0,4
STD-1082,M,20,7.9,4.9,95.7,89.5,1223.0,3.0,5
STD-1083,F,18,1.4,4.1,65.9,50.8,1115.0,9.4,3
STD-1084,F,19,10.0,7.8,80.5,100.0,1254.0,3.8,1
STD-1085,F,19,5.2,8.0,69.3,77.7,1324.0,7.6,5
STD-1086,F,21,3.5,5.7,83.3,67.4,1122.0,10.4,4
STD-1087,M,23,9.0,6.3,94.5,95.8,3135.0,2.9,3
STD-1088,M,24,7.7,7.2,95.2,93.2,2771.0,7.4,5
STD-1089,M,22,9.6,4.2,69.5,87.1,641.0,4.3,5
STD-1090,F,18,4.0,8.7,96.3,76.8,1306.0,5.4,5
STD-1091,F,18,6.0,8.4,83.7,78.6,567.0,6.7,3
STD-1092,M,20,6.2,5.3,74.0,71.6,1994.0,5.6,3
STD-1093,M,23,9.8,4.1,88.3,92.8,1929.0,8.5,2
STD-1094,M,19,1.7,8.7,79.3,68.0,2994.0,6.8,4
STD-1095,M,22,3.8,6.5,75.1,76.1,1423.0,7.8,1
STD-1096,F,21,2.7,6.7,88.2,65.1,2949.0,9.4,5
STD-1097,F,19,3.4,7.4,69.9,69.6,3404.0,7.6,2
STD-1098,F,23,5.4,7.1,73.2,73.4,765.0,7.9,1
STD-1099,F,24,4.4,8.7,77.4,68.3,2875.0,7.6,2
STD-1100,F,21,4.6,8.7,70.1,76.2,2270.0,5.8,3
